{"cameraMode":{"drawMode":0,"name":"Shaded","section":"Shading Mode"},"sceneLighting":false,"audioPlay":false,"sceneViewState":{"showFog":true,"showMaterialUpdate":false,"showSkybox":true,"showFlares":true,"showImageEffects":true,"showParticleSystems":true},"in2DMode":false,"pivot":{"x":265.7425842285156,"y":122.99447631835938,"z":133.5},"rotation":{"x":-0.09295684099197388,"y":-0.30493050813674929,"z":0.02992161177098751,"w":-0.9473548531532288},"size":2522.9091796875,"orthographic":false}