{"cameraMode":{"drawMode":0,"name":"Shaded","section":"Shading Mode"},"sceneLighting":true,"audioPlay":false,"sceneViewState":{"showFog":true,"showMaterialUpdate":true,"showSkybox":true,"showFlares":true,"showImageEffects":true,"showParticleSystems":true},"in2DMode":false,"pivot":{"x":-91.0962142944336,"y":105.52731323242188,"z":-195.68350219726563},"rotation":{"x":0.0726328119635582,"y":0.17238003015518189,"z":-0.012740773148834706,"w":0.9822664260864258},"size":208.7484130859375,"orthographic":false}