{"cameraMode":{"drawMode":0,"name":"Shaded","section":"Shading Mode"},"sceneLighting":false,"audioPlay":false,"sceneViewState":{"showFog":true,"showMaterialUpdate":false,"showSkybox":true,"showFlares":true,"showImageEffects":true,"showParticleSystems":true},"in2DMode":false,"pivot":{"x":454.5,"y":257.980712890625,"z":-5.500000953674316},"rotation":{"x":-0.03777897730469704,"y":-0.03387250751256943,"z":0.0012820701813325286,"w":-0.9987110495567322},"size":1724.7183837890625,"orthographic":false}